request_id,amount_safe_to_pay,affordability_status,recommended_payment_method,payment_plan,earliest_date_for_full_payment,spending_changes_needed,decision_explanation
request_26,15656000,affordable_now,full_payment,2025-08-03:15656000,2025-08-03,none,Requested IDR 15656000. Safe to pay today: IDR 15656000. The full amount is affordable today without spending changes.
request_27,6670,affordable_now,full_payment,2026-07-05:6670,2026-07-05,none,Requested ZAR 6670. Safe to pay today: ZAR 6670. The full amount is affordable today without spending changes.
request_28,318.25,affordable_later,wait,2024-08-15:1302.4,2024-08-15,none,Requested EUR 1302.4. Safe to pay today: EUR 318.25. Full payment of EUR 1302.4 is expected to be safe from 2024-08-15. Earliest safe full payment: 2024-08-15.
request_29,0,not_affordable,not_recommended,none,"",none,Requested ZAR 51524. Safe to pay today: ZAR 256.36. No safe way to complete this request by the deadline was found.
request_30,775.2,affordable_with_plan,installments,2026-04-06:268.74|2026-05-06:268.74|2026-06-05:268.74,2026-04-06,none,"Requested USD 775.2. Safe to pay today: USD 775.2. Installments fit within the 90-day balance forecast. Installment plan: 2026-04-06:268.74,2026-05-06:268.74,2026-06-05:268.74."
request_31,2586199.5,affordable_later,wait,2024-11-15:18164000,2024-11-15,none,Requested IDR 18164000. Safe to pay today: IDR 2586199.5. Full payment of IDR 18164000 is expected to be safe from 2024-11-15. Earliest safe full payment: 2024-11-15.
request_32,14189.46,affordable_with_plan,wait,2025-04-15:40018,2025-04-15,reduce_to:event_2929:1181.40,Requested ZAR 40018. Safe to pay today: ZAR 13033.06. A payment plan completes the request safely. Spending changes needed: reduce_to:event_2929:1181.40.
request_33,35441.92,affordable_later,wait,2026-03-15:118000,2026-03-15,none,Requested INR 118000. Safe to pay today: INR 35441.92. Full payment of INR 118000 is expected to be safe from 2026-03-15. Earliest safe full payment: 2026-03-15.
request_34,129400,affordable_now,full_payment,2024-12-04:129400,2024-12-04,none,Requested INR 129400. Safe to pay today: INR 129400. The full amount is affordable today without spending changes.
request_35,24251.19,affordable_later,wait,2026-01-15:212000,2026-01-15,none,Requested INR 212000. Safe to pay today: INR 24251.19. Full payment of INR 212000 is expected to be safe from 2026-01-15. Earliest safe full payment: 2026-01-15.
request_36,627.31,affordable_with_plan,wait,2026-09-15:3954,2026-09-15,reduce_to:event_3306:64.50,Requested USD 3954. Safe to pay today: USD 560.44. A payment plan completes the request safely. Spending changes needed: reduce_to:event_3306:64.50.
request_37,4936443.74,affordable_with_plan,wait,2024-05-15:14649000,2024-05-15,reduce_to:event_3340:203300,Requested IDR 14649000. Safe to pay today: IDR 4733143.74. A payment plan completes the request safely. Spending changes needed: reduce_to:event_3340:203300.
request_38,164.95,affordable_later,wait,2025-10-15:971.3,2025-10-15,none,Requested EUR 971.3. Safe to pay today: EUR 164.95. Full payment of EUR 971.3 is expected to be safe from 2025-10-15. Earliest safe full payment: 2025-10-15.
request_39,65081.31,affordable_later,wait,2026-06-15:208600,2026-06-15,none,Requested INR 208600. Safe to pay today: INR 65081.31. Full payment of INR 208600 is expected to be safe from 2026-06-15. Earliest safe full payment: 2026-06-15.
request_40,391.9,affordable_with_plan,wait,2024-08-15:1290.3,2024-08-15,reduce_to:event_3710:36.50,Requested EUR 1290.3. Safe to pay today: EUR 350.29. A payment plan completes the request safely. Spending changes needed: reduce_to:event_3710:36.50.
request_41,9915172.79,affordable_later,wait,2026-01-15:38760000,2026-01-15,none,Requested IDR 38760000. Safe to pay today: IDR 9915172.79. Full payment of IDR 38760000 is expected to be safe from 2026-01-15. Earliest safe full payment: 2026-01-15.
request_42,48515.86,affordable_later,wait,2026-03-15:52100,2026-03-15,none,Requested INR 52100. Safe to pay today: INR 48515.86. Full payment of INR 52100 is expected to be safe from 2026-03-15. Earliest safe full payment: 2026-03-15.
request_43,8319654.88,affordable_later,wait,2024-11-15:43339000,2024-11-15,none,Requested IDR 43339000. Safe to pay today: IDR 8319654.88. Full payment of IDR 43339000 is expected to be safe from 2024-11-15. Earliest safe full payment: 2024-11-15.
request_44,38347.36,affordable_later,wait,2025-04-15:95800,2025-04-15,none,Requested INR 95800. Safe to pay today: INR 38347.36. Full payment of INR 95800 is expected to be safe from 2025-04-15. Earliest safe full payment: 2025-04-15.
request_45,3318968.41,affordable_later,wait,2026-09-15:21983000,2026-09-15,none,Requested IDR 21983000. Safe to pay today: IDR 3318968.41. Full payment of IDR 21983000 is expected to be safe from 2026-09-15. Earliest safe full payment: 2026-09-15.
request_46,40191.49,affordable_with_plan,partial_payment,2024-12-03:40191.49|2024-12-15:9258.51,2024-12-15,none,"Requested INR 49450. Safe to pay today: INR 40191.49. A two-payment partial plan completes the request safely. Partial plan: 2024-12-03:40191.49,2024-12-15:9258.51."
request_47,0,not_affordable,not_recommended,none,"",none,Requested IDR 38114000. Safe to pay today: IDR 20488219.09. No safe way to complete this request by the deadline was found.
request_48,45700,affordable_now,full_payment,2026-07-25:45700,2026-07-25,none,Requested INR 45700. Safe to pay today: INR 45700. The full amount is affordable today without spending changes.
request_49,12950832.31,affordable_with_plan,installments,2024-03-18:11902106.67|2024-04-18:11902106.67|2024-05-19:11902106.67,2024-05-15,reduce_to:event_4636:696350,"Requested IDR 34333000. Safe to pay today: IDR 12296077.46. Installments fit within the 90-day balance forecast. Installment plan: 2024-03-18:11902106.67,2024-04-18:11902106.67,2024-05-19:11902106.67. Spending changes needed: reduce_to:event_4636:696350."
request_50,43900,affordable_now,full_payment,2025-08-06:43900,2025-08-06,none,Requested INR 43900. Safe to pay today: INR 43900. The full amount is affordable today without spending changes.
request_51,2191000,affordable_now,full_payment,2026-01-03:2191000,2026-01-03,none,Requested IDR 2191000. Safe to pay today: IDR 2191000. The full amount is affordable today without spending changes.
request_52,18739.82,affordable_later,wait,2024-06-15:28870,2024-06-15,none,Requested INR 28870. Safe to pay today: INR 18739.82. Full payment of INR 28870 is expected to be safe from 2024-06-15. Earliest safe full payment: 2024-06-15.
request_53,468.73,affordable_with_plan,installments,2025-11-21:589.06|2025-12-19:589.06|2026-01-16:589.06,2026-01-15,none,"Requested USD 1699.2. Safe to pay today: USD 468.73. Installments fit within the 90-day balance forecast. Installment plan: 2025-11-21:589.06,2025-12-19:589.06,2026-01-16:589.06."
request_54,0,not_affordable,not_recommended,none,"",none,Requested ZAR 121528. Safe to pay today: ZAR 1907.88. No safe way to complete this request by the deadline was found.
request_55,136184.84,affordable_with_plan,installments,2026-06-11:75781.33|2026-07-12:75781.33|2026-08-12:75781.33,2026-07-15,none,"Requested INR 218600. Safe to pay today: INR 136184.84. Installments fit within the 90-day balance forecast. Installment plan: 2026-06-11:75781.33,2026-07-12:75781.33,2026-08-12:75781.33."
request_56,613.68,affordable_with_plan,partial_payment,2025-02-03:613.68|2025-02-15:267.88,2025-02-15,none,"Requested USD 881.56. Safe to pay today: USD 613.68. A two-payment partial plan completes the request safely. Partial plan: 2025-02-03:613.68,2025-02-15:267.88."
request_57,14486.84,affordable_later,wait,2026-06-15:61446,2026-06-15,none,Requested ZAR 61446. Safe to pay today: ZAR 14486.84. Full payment of ZAR 61446 is expected to be safe from 2026-06-15. Earliest safe full payment: 2026-06-15.
request_58,16226000,affordable_with_plan,full_payment,2024-12-07:16226000,2024-12-07,stop:event_5358,Requested IDR 16226000. Safe to pay today: IDR 14747394.2. Full payment is safe after adjusting flexible spending. Spending changes needed: stop:event_5358.
request_59,140600,affordable_with_plan,installments,2025-05-07:48741.33|2025-06-04:48741.33|2025-07-02:48741.33,2025-05-04,none,"Requested INR 140600. Safe to pay today: INR 140600. Installments fit within the 90-day balance forecast. Installment plan: 2025-05-07:48741.33,2025-06-04:48741.33,2025-07-02:48741.33."
request_60,0,not_affordable,not_recommended,none,"",none,Requested USD 199.89. Safe to pay today: USD 0. No safe way to complete this request by the deadline was found.
request_61,29062,affordable_with_plan,installments,2024-03-17:10074.83|2024-04-17:10074.83|2024-05-18:10074.83,2024-03-03,none,"Requested ZAR 29062. Safe to pay today: ZAR 29062. Installments fit within the 90-day balance forecast. Installment plan: 2024-03-17:10074.83,2024-04-17:10074.83,2024-05-18:10074.83."
request_62,404.23,affordable_now,full_payment,2025-08-05:404.23,2025-08-05,none,Requested USD 404.23. Safe to pay today: USD 404.23. The full amount is affordable today without spending changes.
request_63,0,not_affordable,not_recommended,none,"",none,Requested INR 343900. Safe to pay today: INR 48496.62. No safe way to complete this request by the deadline was found.
request_64,0,not_affordable,not_recommended,none,"",none,Requested INR 63700. Safe to pay today: INR 27918.09. No safe way to complete this request by the deadline was found.
request_65,0,not_affordable,not_recommended,none,"",none,Requested ZAR 54340. Safe to pay today: ZAR 5706.41. No safe way to complete this request by the deadline was found.
request_66,22200,affordable_now,full_payment,2026-04-03:22200,2026-04-03,none,Requested INR 22200. Safe to pay today: INR 22200. The full amount is affordable today without spending changes.
request_67,292.2,affordable_later,wait,2024-11-15:2094,2024-11-15,none,Requested USD 2094. Safe to pay today: USD 292.2. Full payment of USD 2094 is expected to be safe from 2024-11-15. Earliest safe full payment: 2024-11-15.
request_68,1380.32,affordable_with_plan,installments,2025-02-14:725.09|2025-03-14:725.09|2025-04-11:725.09,2025-03-23,none,"Requested USD 2091.6. Safe to pay today: USD 1380.32. Installments fit within the 90-day balance forecast. Installment plan: 2025-02-14:725.09,2025-03-14:725.09,2025-04-11:725.09."
request_69,529.1,affordable_now,full_payment,2026-01-04:529.1,2026-01-04,none,Requested EUR 529.1. Safe to pay today: EUR 529.1. The full amount is affordable today without spending changes.
request_70,49264.7,affordable_later,wait,2025-02-15:243900,2025-02-15,none,Requested INR 243900. Safe to pay today: INR 49264.7. Full payment of INR 243900 is expected to be safe from 2025-02-15. Earliest safe full payment: 2025-02-15.
request_71,0,not_affordable,not_recommended,none,"",none,Requested IDR 21451000. Safe to pay today: IDR 777380.31. No safe way to complete this request by the deadline was found.
request_72,11330,affordable_now,full_payment,2026-07-05:11330,2026-07-05,none,Requested ZAR 11330. Safe to pay today: ZAR 11330. The full amount is affordable today without spending changes.
request_73,71400,affordable_now,full_payment,2023-01-20:71400,2023-01-20,none,Requested INR 71400. Safe to pay today: INR 71400. The full amount is affordable today without spending changes.
request_74,5010,affordable_now,full_payment,2025-08-04:5010,2025-08-04,none,Requested ZAR 5010. Safe to pay today: ZAR 5010. The full amount is affordable today without spending changes.
request_75,0,not_affordable,not_recommended,none,"",none,Requested ZAR 28270. Safe to pay today: ZAR 14747.25. No safe way to complete this request by the deadline was found.
request_76,0,not_affordable,not_recommended,none,"",none,Requested USD 4455.6. Safe to pay today: USD 0. No safe way to complete this request by the deadline was found.
request_77,60700,affordable_now,full_payment,2025-11-05:60700,2025-11-05,none,Requested INR 60700. Safe to pay today: INR 60700. The full amount is affordable today without spending changes.
request_78,0,not_affordable,not_recommended,none,"",none,Requested INR 50200. Safe to pay today: INR 0. No safe way to complete this request by the deadline was found.
request_79,0,not_affordable,not_recommended,none,"",none,Requested EUR 2151.6. Safe to pay today: EUR 358.89. No safe way to complete this request by the deadline was found.
request_80,0,not_affordable,not_recommended,none,"",none,Requested INR 217500. Safe to pay today: INR 0. No safe way to complete this request by the deadline was found.
request_81,2076,affordable_now,full_payment,2026-07-03:2076,2026-07-03,none,Requested USD 2076. Safe to pay today: USD 2076. The full amount is affordable today without spending changes.
request_82,388.67,affordable_later,wait,2025-02-15:1405.2,2025-02-15,none,Requested USD 1405.2. Safe to pay today: USD 388.67. Full payment of USD 1405.2 is expected to be safe from 2025-02-15. Earliest safe full payment: 2025-02-15.
request_83,0,not_affordable,not_recommended,none,"",none,Requested INR 156200. Safe to pay today: INR 6529.07. No safe way to complete this request by the deadline was found.
request_84,34436.73,affordable_later,wait,2026-06-15:95400,2026-06-15,none,Requested INR 95400. Safe to pay today: INR 34436.73. Full payment of INR 95400 is expected to be safe from 2026-06-15. Earliest safe full payment: 2026-06-15.
request_85,0,not_affordable,not_recommended,none,"",none,Requested IDR 19304000. Safe to pay today: IDR 347610.91. No safe way to complete this request by the deadline was found.
request_86,46300,affordable_now,full_payment,2025-08-03:46300,2025-08-03,none,Requested INR 46300. Safe to pay today: INR 46300. The full amount is affordable today without spending changes.
request_87,0,not_affordable,not_recommended,none,"",none,Requested INR 487900. Safe to pay today: INR 32689.44. No safe way to complete this request by the deadline was found.
request_88,10759.01,affordable_with_plan,installments,2024-06-14:9045.23|2024-07-15:9045.23|2024-08-15:9045.23,2024-07-15,none,"Requested ZAR 26092. Safe to pay today: ZAR 10759.01. Installments fit within the 90-day balance forecast. Installment plan: 2024-06-14:9045.23,2024-07-15:9045.23,2024-08-15:9045.23."
request_89,10115335.57,affordable_with_plan,installments,2025-11-18:4768746.67|2025-12-16:4768746.67|2026-01-13:4768746.67,2025-12-15,reduce_to:event_8403:203300,"Requested IDR 13756000. Safe to pay today: IDR 9861481.06. Installments fit within the 90-day balance forecast. Installment plan: 2025-11-18:4768746.67,2025-12-16:4768746.67,2026-01-13:4768746.67. Spending changes needed: reduce_to:event_8403:203300."
request_90,2560,affordable_now,full_payment,2026-07-06:2560,2026-07-06,none,Requested ZAR 2560. Safe to pay today: ZAR 2560. The full amount is affordable today without spending changes.
request_91,422.95,affordable_later,wait,2024-11-15:1927.2,2024-11-15,none,Requested EUR 1927.2. Safe to pay today: EUR 422.95. Full payment of EUR 1927.2 is expected to be safe from 2024-11-15. Earliest safe full payment: 2024-11-15.
request_92,0,not_affordable,not_recommended,none,"",none,Requested ZAR 34034. Safe to pay today: ZAR 0. No safe way to complete this request by the deadline was found.
request_93,1729.2,affordable_now,full_payment,2026-04-07:1729.2,2026-04-07,none,Requested USD 1729.2. Safe to pay today: USD 1729.2. The full amount is affordable today without spending changes.
request_94,572,affordable_now,full_payment,2024-12-04:572,2024-12-04,none,Requested EUR 572. Safe to pay today: EUR 572. The full amount is affordable today without spending changes.
request_95,0,not_affordable,not_recommended,none,"",none,Requested INR 553000. Safe to pay today: INR 14133.48. No safe way to complete this request by the deadline was found.
request_96,73637.04,affordable_with_plan,installments,2026-01-10:31269.33|2026-02-09:31269.33|2026-03-11:31269.33,2026-02-15,none,"Requested INR 90200. Safe to pay today: INR 73637.04. Installments fit within the 90-day balance forecast. Installment plan: 2026-01-10:31269.33,2026-02-09:31269.33,2026-03-11:31269.33."
request_97,1520.79,affordable_with_plan,installments,2024-03-19:8145.28|2024-04-19:8145.28|2024-05-20:8145.28,2024-04-15,none,"Requested ZAR 23496. Safe to pay today: ZAR 1520.79. Installments fit within the 90-day balance forecast. Installment plan: 2024-03-19:8145.28,2024-04-19:8145.28,2024-05-20:8145.28."
request_98,8576.56,affordable_later,wait,2025-10-15:27148,2025-10-15,none,Requested ZAR 27148. Safe to pay today: ZAR 8576.56. Full payment of ZAR 27148 is expected to be safe from 2025-10-15. Earliest safe full payment: 2025-10-15.
request_99,18062,affordable_with_plan,full_payment,2026-07-04:18062,2026-07-04,reduce_to:event_9232:1065.90,Requested ZAR 18062. Safe to pay today: ZAR 17264.68. Full payment is safe after adjusting flexible spending. Spending changes needed: reduce_to:event_9232:1065.90.
request_100,26944.26,affordable_with_plan,installments,2024-06-13:12866.19|2024-07-14:12866.19|2024-08-14:12866.19,2024-07-15,none,"Requested ZAR 37114. Safe to pay today: ZAR 26944.26. Installments fit within the 90-day balance forecast. Installment plan: 2024-06-13:12866.19,2024-07-14:12866.19,2024-08-14:12866.19."
request_101,143500,affordable_now,full_payment,2025-11-03:143500,2025-11-03,none,Requested INR 143500. Safe to pay today: INR 143500. The full amount is affordable today without spending changes.
request_102,1716,affordable_with_plan,installments,2026-04-05:594.88|2026-05-05:594.88|2026-06-04:594.88,2026-04-05,none,"Requested EUR 1716. Safe to pay today: EUR 1716. Installments fit within the 90-day balance forecast. Installment plan: 2026-04-05:594.88,2026-05-05:594.88,2026-06-04:594.88."
request_103,0,not_affordable,not_recommended,none,"",none,Requested INR 368300. Safe to pay today: INR 3366.3. No safe way to complete this request by the deadline was found.
request_104,0,not_affordable,not_recommended,none,"",none,Requested ZAR 17204. Safe to pay today: ZAR 0. No safe way to complete this request by the deadline was found.
request_105,53500,affordable_with_plan,full_payment,2026-06-08:53500,2026-06-08,reduce_to:event_9721:1720,Requested INR 53500. Safe to pay today: INR 52388.34. Full payment is safe after adjusting flexible spending. Spending changes needed: reduce_to:event_9721:1720.
request_106,458.57,affordable_later,wait,2025-02-15:2207.7,2025-02-15,none,Requested EUR 2207.7. Safe to pay today: EUR 458.57. Full payment of EUR 2207.7 is expected to be safe from 2025-02-15. Earliest safe full payment: 2025-02-15.
request_107,2461.66,affordable_with_plan,installments,2025-05-08:878.59|2025-06-05:878.59|2025-07-03:878.59,2025-05-15,stop:event_9894|reduce_to:event_9959:42.50,"Requested EUR 2534.4. Safe to pay today: EUR 2397.18. Installments fit within the 90-day balance forecast. Installment plan: 2025-05-08:878.59,2025-06-05:878.59,2025-07-03:878.59. Spending changes needed: stop:event_9894,reduce_to:event_9959:42.50."
request_108,0,not_affordable,not_recommended,none,"",none,Requested ZAR 55308. Safe to pay today: ZAR 0. No safe way to complete this request by the deadline was found.
request_109,601.46,affordable_with_plan,installments,2024-03-18:645.98|2024-04-18:645.98|2024-05-19:645.98,2024-05-15,none,"Requested EUR 1863.4. Safe to pay today: EUR 601.46. Installments fit within the 90-day balance forecast. Installment plan: 2024-03-18:645.98,2024-04-18:645.98,2024-05-19:645.98."
request_110,22352,affordable_with_plan,installments,2025-08-06:7748.69|2025-09-03:7748.69|2025-10-01:7748.69,2025-08-06,none,"Requested ZAR 22352. Safe to pay today: ZAR 22352. Installments fit within the 90-day balance forecast. Installment plan: 2025-08-06:7748.69,2025-09-03:7748.69,2025-10-01:7748.69."
request_111,16625000,affordable_now,full_payment,2026-04-03:16625000,2026-04-03,none,Requested IDR 16625000. Safe to pay today: IDR 16625000. The full amount is affordable today without spending changes.
request_112,271.7,affordable_now,full_payment,2024-06-05:271.7,2024-06-05,none,Requested EUR 271.7. Safe to pay today: EUR 271.7. The full amount is affordable today without spending changes.
request_113,21628.46,affordable_later,wait,2026-11-15:36500,2026-11-15,none,Requested INR 36500. Safe to pay today: INR 21628.46. Full payment of INR 36500 is expected to be safe from 2026-11-15. Earliest safe full payment: 2026-11-15.
request_114,0,not_affordable,not_recommended,none,"",none,Requested INR 65300. Safe to pay today: INR 0. No safe way to complete this request by the deadline was found.
request_115,14382.5,affordable_later,wait,2024-11-15:80500,2024-11-15,none,Requested INR 80500. Safe to pay today: INR 14382.5. Full payment of INR 80500 is expected to be safe from 2024-11-15. Earliest safe full payment: 2024-11-15.
request_116,0,not_affordable,not_recommended,none,"",none,Requested INR 241200. Safe to pay today: INR 7254.54. No safe way to complete this request by the deadline was found.
request_117,880,affordable_with_plan,full_payment,2026-07-05:880,2026-07-05,reduce_to:event_10833:11|reduce_to:event_10878:20.50,"Requested EUR 880. Safe to pay today: EUR 853.8. Full payment is safe after adjusting flexible spending. Spending changes needed: reduce_to:event_10833:11,reduce_to:event_10878:20.50."
request_118,680.77,affordable_with_plan,installments,2024-12-07:255.87|2025-01-07:255.87|2025-02-07:255.87,2024-12-15,none,"Requested EUR 738.1. Safe to pay today: EUR 680.77. Installments fit within the 90-day balance forecast. Installment plan: 2024-12-07:255.87,2025-01-07:255.87,2025-02-07:255.87."
request_119,58750.12,affordable_with_plan,installments,2025-05-18:70546.67|2025-06-15:70546.67|2025-07-13:70546.67,2025-06-15,reduce_to:event_11057:2370,"Requested INR 203500. Safe to pay today: INR 58750.12. Installments fit within the 90-day balance forecast. Installment plan: 2025-05-18:70546.67,2025-06-15:70546.67,2025-07-13:70546.67. Spending changes needed: reduce_to:event_11057:2370."
request_120,7714000,affordable_now,full_payment,2026-04-06:7714000,2026-04-06,none,Requested IDR 7714000. Safe to pay today: IDR 7714000. The full amount is affordable today without spending changes.
request_121,633.6,affordable_now,full_payment,2024-03-03:633.6,2024-03-03,none,Requested USD 633.6. Safe to pay today: USD 633.6. The full amount is affordable today without spending changes.
request_122,20558000,affordable_with_plan,installments,2025-08-05:7126773.33|2025-09-02:7126773.33|2025-09-30:7126773.33,2025-08-05,none,"Requested IDR 20558000. Safe to pay today: IDR 20558000. Installments fit within the 90-day balance forecast. Installment plan: 2025-08-05:7126773.33,2025-09-02:7126773.33,2025-09-30:7126773.33."
request_123,4076000,affordable_now,full_payment,2026-01-07:4076000,2026-01-07,none,Requested IDR 4076000. Safe to pay today: IDR 4076000. The full amount is affordable today without spending changes.
request_124,0,not_affordable,not_recommended,none,"",none,Requested EUR 3104.2. Safe to pay today: EUR 1377.68. No safe way to complete this request by the deadline was found.
request_125,6468,affordable_with_plan,full_payment,2025-11-06:6468,2025-11-06,reduce_to:event_11602:223.30,Requested ZAR 6468. Safe to pay today: ZAR 6138.72. Full payment is safe after adjusting flexible spending. Spending changes needed: reduce_to:event_11602:223.30.
request_126,159600,affordable_now,full_payment,2026-07-03:159600,2026-07-03,none,Requested INR 159600. Safe to pay today: INR 159600. The full amount is affordable today without spending changes.
request_127,8674.29,affordable_later,wait,2024-10-15:23980,2024-10-15,none,Requested ZAR 23980. Safe to pay today: ZAR 8674.29. Full payment of ZAR 23980 is expected to be safe from 2024-10-15. Earliest safe full payment: 2024-10-15.
request_128,25168,affordable_now,full_payment,2025-02-07:25168,2025-02-07,none,Requested ZAR 25168. Safe to pay today: ZAR 25168. The full amount is affordable today without spending changes.
request_129,0,not_affordable,not_recommended,none,"",none,Requested USD 2668.8. Safe to pay today: USD 155.23. No safe way to complete this request by the deadline was found.
request_130,366.76,affordable_later,wait,2025-02-15:1978.8,2025-02-15,none,Requested USD 1978.8. Safe to pay today: USD 366.76. Full payment of USD 1978.8 is expected to be safe from 2025-02-15. Earliest safe full payment: 2025-02-15.
request_131,1176.4,affordable_with_plan,installments,2025-05-06:643.14|2025-06-03:643.14|2025-07-01:643.14,2025-06-23,none,"Requested USD 1855.2. Safe to pay today: USD 1176.4. Installments fit within the 90-day balance forecast. Installment plan: 2025-05-06:643.14,2025-06-03:643.14,2025-07-01:643.14."
request_132,0,not_affordable,not_recommended,none,"",none,Requested USD 379.86. Safe to pay today: USD 0. No safe way to complete this request by the deadline was found.
request_133,0,not_affordable,not_recommended,none,"",none,Requested IDR 15770000. Safe to pay today: IDR 0. No safe way to complete this request by the deadline was found.
request_134,4354723.06,affordable_later,wait,2025-10-15:21831000,2025-10-15,none,Requested IDR 21831000. Safe to pay today: IDR 4354723.06. Full payment of IDR 21831000 is expected to be safe from 2025-10-15. Earliest safe full payment: 2025-10-15.
request_135,304.8,affordable_with_plan,full_payment,2026-07-06:304.8,2026-07-06,stop:event_12413|reduce_to:event_12458:17.50,"Requested USD 304.8. Safe to pay today: USD 271.74. Full payment is safe after adjusting flexible spending. Spending changes needed: stop:event_12413,reduce_to:event_12458:17.50."
request_136,560.4,affordable_now,full_payment,2024-06-03:560.4,2024-06-03,none,Requested USD 560.4. Safe to pay today: USD 560.4. The full amount is affordable today without spending changes.
request_137,29439.73,affordable_later,wait,2026-01-15:80100,2026-01-15,none,Requested INR 80100. Safe to pay today: INR 29439.73. Full payment of INR 80100 is expected to be safe from 2026-01-15. Earliest safe full payment: 2026-01-15.
request_138,849.82,affordable_with_plan,partial_payment,2026-04-07:849.82|2026-04-15:407.12,2026-04-15,none,"Requested EUR 1256.94. Safe to pay today: EUR 849.82. A two-payment partial plan completes the request safely. Partial plan: 2026-04-07:849.82,2026-04-15:407.12."
request_139,0,not_affordable,not_recommended,none,"",none,Requested USD 2316. Safe to pay today: USD 1337.21. No safe way to complete this request by the deadline was found.
request_140,0,not_affordable,not_recommended,none,"",none,Requested ZAR 62832. Safe to pay today: ZAR 1420.67. No safe way to complete this request by the deadline was found.
request_141,0,not_affordable,not_recommended,none,"",none,Requested INR 171600. Safe to pay today: INR 24266.6. No safe way to complete this request by the deadline was found.
request_142,1263.6,affordable_now,full_payment,2024-12-05:1263.6,2024-12-05,none,Requested USD 1263.6. Safe to pay today: USD 1263.6. The full amount is affordable today without spending changes.
request_143,2461.09,affordable_later,wait,2025-07-15:12584,2025-07-15,none,Requested ZAR 12584. Safe to pay today: ZAR 2461.09. Full payment of ZAR 12584 is expected to be safe from 2025-07-15. Earliest safe full payment: 2025-07-15.
request_144,233.34,affordable_with_plan,full_payment,2026-07-04:233.34,2026-07-04,reduce_to:event_13306:17.50,Requested USD 233.34. Safe to pay today: USD 194.72. Full payment is safe after adjusting flexible spending. Spending changes needed: reduce_to:event_13306:17.50.
request_145,38602.61,affordable_with_plan,installments,2024-03-20:75365.33|2024-04-20:75365.33|2024-05-21:75365.33,2024-05-15,none,"Requested INR 217400. Safe to pay today: INR 38602.61. Installments fit within the 90-day balance forecast. Installment plan: 2024-03-20:75365.33,2024-04-20:75365.33,2024-05-21:75365.33."
request_146,0,not_affordable,not_recommended,none,"",none,Requested INR 449400. Safe to pay today: INR 14767.49. No safe way to complete this request by the deadline was found.
request_147,537.23,affordable_with_plan,installments,2026-04-08:391.63|2026-05-08:391.63|2026-06-07:391.63,2026-05-15,none,"Requested EUR 1129.7. Safe to pay today: EUR 537.23. Installments fit within the 90-day balance forecast. Installment plan: 2026-04-08:391.63,2026-05-08:391.63,2026-06-07:391.63."
request_148,7747.85,affordable_with_plan,installments,2024-06-14:7710.56|2024-07-15:7710.56|2024-08-15:7710.56,2024-07-15,stop:event_13592,"Requested ZAR 22242. Safe to pay today: ZAR 7172.55. Installments fit within the 90-day balance forecast. Installment plan: 2024-06-14:7710.56,2024-07-15:7710.56,2024-08-15:7710.56. Spending changes needed: stop:event_13592."
request_149,24323.83,affordable_with_plan,installments,2025-11-18:12706.03|2025-12-16:12706.03|2026-01-13:12706.03,2025-12-15,none,"Requested ZAR 36652. Safe to pay today: ZAR 24323.83. Installments fit within the 90-day balance forecast. Installment plan: 2025-11-18:12706.03,2025-12-16:12706.03,2026-01-13:12706.03."
request_150,310.73,affordable_with_plan,installments,2026-01-06:171.98|2026-02-05:171.98|2026-03-07:171.98,2026-02-15,none,"Requested EUR 496.1. Safe to pay today: EUR 310.73. Installments fit within the 90-day balance forecast. Installment plan: 2026-01-06:171.98,2026-02-05:171.98,2026-03-07:171.98."
request_151,26999000,affordable_now,full_payment,2024-09-03:26999000,2024-09-03,none,Requested IDR 26999000. Safe to pay today: IDR 26999000. The full amount is affordable today without spending changes.
request_152,0,not_affordable,not_recommended,none,"",none,Requested ZAR 13882. Safe to pay today: ZAR 11022.58. No safe way to complete this request by the deadline was found.
request_153,0,not_affordable,not_recommended,none,"",none,Requested USD 2830.8. Safe to pay today: USD 77.65. No safe way to complete this request by the deadline was found.
request_154,1625.8,affordable_with_plan,installments,2024-12-04:563.61|2025-01-04:563.61|2025-02-04:563.61,2024-12-04,none,"Requested EUR 1625.8. Safe to pay today: EUR 1625.8. Installments fit within the 90-day balance forecast. Installment plan: 2024-12-04:563.61,2025-01-04:563.61,2025-02-04:563.61."
request_155,112500,affordable_now,full_payment,2025-05-06:112500,2025-05-06,none,Requested INR 112500. Safe to pay today: INR 112500. The full amount is affordable today without spending changes.
request_156,9537.45,affordable_later,wait,2026-06-15:43076,2026-06-15,none,Requested ZAR 43076. Safe to pay today: ZAR 9537.45. Full payment of ZAR 43076 is expected to be safe from 2026-06-15. Earliest safe full payment: 2026-06-15.
request_157,4637066.45,affordable_later,wait,2024-05-15:23503000,2024-05-15,none,Requested IDR 23503000. Safe to pay today: IDR 4637066.45. Full payment of IDR 23503000 is expected to be safe from 2024-05-15. Earliest safe full payment: 2024-05-15.
request_158,242600,affordable_with_plan,installments,2025-08-07:84101.33|2025-09-04:84101.33|2025-10-02:84101.33,2025-08-07,none,"Requested INR 242600. Safe to pay today: INR 242600. Installments fit within the 90-day balance forecast. Installment plan: 2025-08-07:84101.33,2025-09-04:84101.33,2025-10-02:84101.33."
request_159,0,not_affordable,not_recommended,none,"",none,Requested ZAR 13398. Safe to pay today: ZAR 3156.8. No safe way to complete this request by the deadline was found.
request_160,573.87,affordable_with_plan,installments,2024-06-13:432.05|2024-07-14:432.05|2024-08-14:432.05,2024-07-15,none,"Requested EUR 1246.3. Safe to pay today: EUR 573.87. Installments fit within the 90-day balance forecast. Installment plan: 2024-06-13:432.05,2024-07-14:432.05,2024-08-14:432.05."
request_161,0,not_affordable,not_recommended,none,"",none,Requested IDR 21204000. Safe to pay today: IDR 0. No safe way to complete this request by the deadline was found.
request_162,0,not_affordable,not_recommended,none,"",none,Requested IDR 83923000. Safe to pay today: IDR 1286761.69. No safe way to complete this request by the deadline was found.
request_163,9296006.78,affordable_with_plan,installments,2024-09-10:6692053.33|2024-10-11:6692053.33|2024-11-11:6692053.33,2024-10-15,none,"Requested IDR 19304000. Safe to pay today: IDR 9296006.78. Installments fit within the 90-day balance forecast. Installment plan: 2024-09-10:6692053.33,2024-10-11:6692053.33,2024-11-11:6692053.33."
request_164,27018000,affordable_with_plan,installments,2025-02-11:9366240|2025-03-11:9366240|2025-04-08:9366240,2025-02-04,reduce_to:event_15063:415150,"Requested IDR 27018000. Safe to pay today: IDR 26831933.9. Installments fit within the 90-day balance forecast. Installment plan: 2025-02-11:9366240,2025-03-11:9366240,2025-04-08:9366240. Spending changes needed: reduce_to:event_15063:415150."
request_165,80600,affordable_with_plan,full_payment,2026-04-06:80600,2026-04-06,stop:event_15135,Requested INR 80600. Safe to pay today: INR 71229.98. Full payment is safe after adjusting flexible spending. Spending changes needed: stop:event_15135.
request_166,2907.6,affordable_with_plan,installments,2024-12-03:1007.97|2025-01-03:1007.97|2025-02-03:1007.97,2024-12-03,none,"Requested USD 2907.6. Safe to pay today: USD 2907.6. Installments fit within the 90-day balance forecast. Installment plan: 2024-12-03:1007.97,2025-01-03:1007.97,2025-02-03:1007.97."
request_167,43802,affordable_now,full_payment,2025-05-05:43802,2025-05-05,none,Requested ZAR 43802. Safe to pay today: ZAR 43802. The full amount is affordable today without spending changes.
request_168,0,not_affordable,not_recommended,none,"",none,Requested INR 49380. Safe to pay today: INR 0. No safe way to complete this request by the deadline was found.
request_169,41976,affordable_now,full_payment,2024-03-04:41976,2024-03-04,none,Requested ZAR 41976. Safe to pay today: ZAR 41976. The full amount is affordable today without spending changes.
request_170,30070406.29,affordable_with_plan,installments,2025-08-06:12804480|2025-09-03:12804480|2025-10-01:12804480,2025-09-15,stop:event_15604,"Requested IDR 36936000. Safe to pay today: IDR 29763556.29. Installments fit within the 90-day balance forecast. Installment plan: 2025-08-06:12804480,2025-09-03:12804480,2025-10-01:12804480. Spending changes needed: stop:event_15604."
request_171,0,not_affordable,not_recommended,none,"",none,Requested EUR 1878.8. Safe to pay today: EUR 28.37. No safe way to complete this request by the deadline was found.
request_172,9592.26,affordable_with_plan,partial_payment,2024-06-05:9592.26|2024-06-15:607.74,2024-06-15,none,"Requested ZAR 10200. Safe to pay today: ZAR 9592.26. A two-payment partial plan completes the request safely. Partial plan: 2024-06-05:9592.26,2024-06-15:607.74."
request_173,57776.1,affordable_with_plan,installments,2025-11-21:39173.33|2025-12-19:39173.33|2026-01-16:39173.33,2026-01-15,none,"Requested INR 113000. Safe to pay today: INR 57776.1. Installments fit within the 90-day balance forecast. Installment plan: 2025-11-21:39173.33,2025-12-19:39173.33,2026-01-16:39173.33."
request_174,1146.2,affordable_with_plan,installments,2026-04-04:397.35|2026-05-04:397.35|2026-06-03:397.35,2026-04-04,stop:event_15974,"Requested EUR 1146.2. Safe to pay today: EUR 1146.2. Installments fit within the 90-day balance forecast. Installment plan: 2026-04-04:397.35,2026-05-04:397.35,2026-06-03:397.35. Spending changes needed: stop:event_15974."
request_175,2346.3,affordable_now,full_payment,2024-09-06:2346.3,2024-09-06,none,Requested EUR 2346.3. Safe to pay today: EUR 2346.3. The full amount is affordable today without spending changes.
request_176,0,not_affordable,not_recommended,none,"",none,Requested EUR 1239.7. Safe to pay today: EUR 0. No safe way to complete this request by the deadline was found.
request_177,962.66,affordable_with_plan,wait,2026-03-15:1017.6,2026-03-15,stop:event_16235|reduce_to:event_16237:15.50|reduce_to:event_16317:32,"Requested USD 1017.6. Safe to pay today: USD 420.66. A payment plan completes the request safely. Spending changes needed: stop:event_16235,reduce_to:event_16237:15.50,reduce_to:event_16317:32."
request_178,2938.1,affordable_with_plan,installments,2024-12-07:1018.54|2025-01-07:1018.54|2025-02-07:1018.54,2024-12-07,none,"Requested EUR 2938.1. Safe to pay today: EUR 2938.1. Installments fit within the 90-day balance forecast. Installment plan: 2024-12-07:1018.54,2025-01-07:1018.54,2025-02-07:1018.54."
request_179,6493592.1,affordable_later,wait,2025-07-15:41648000,2025-07-15,none,Requested IDR 41648000. Safe to pay today: IDR 6493592.1. Full payment of IDR 41648000 is expected to be safe from 2025-07-15. Earliest safe full payment: 2025-07-15.
request_180,66500,affordable_now,full_payment,2026-07-06:66500,2026-07-06,none,Requested INR 66500. Safe to pay today: INR 66500. The full amount is affordable today without spending changes.
request_181,0,not_affordable,not_recommended,none,"",none,Requested USD 5059.2. Safe to pay today: USD 558.55. No safe way to complete this request by the deadline was found.
request_182,65714,affordable_now,full_payment,2025-08-05:65714,2025-08-05,none,Requested ZAR 65714. Safe to pay today: ZAR 65714. The full amount is affordable today without spending changes.
request_183,24306086.29,affordable_with_plan,installments,2026-04-10:9313546.67|2026-05-10:9313546.67|2026-06-09:9313546.67,2026-04-15,none,"Requested IDR 26866000. Safe to pay today: IDR 24306086.29. Installments fit within the 90-day balance forecast. Installment plan: 2026-04-10:9313546.67,2026-05-10:9313546.67,2026-06-09:9313546.67."
request_184,0,not_affordable,not_recommended,none,"",none,Requested INR 251900. Safe to pay today: INR 12987.75. No safe way to complete this request by the deadline was found.
request_185,374.14,affordable_later,wait,2026-01-15:1257.3,2026-01-15,none,Requested EUR 1257.3. Safe to pay today: EUR 374.14. Full payment of EUR 1257.3 is expected to be safe from 2026-01-15. Earliest safe full payment: 2026-01-15.
request_186,0,not_affordable,not_recommended,none,"",none,Requested ZAR 26554. Safe to pay today: ZAR 0. No safe way to complete this request by the deadline was found.
request_187,37345.13,affordable_later,wait,2024-11-15:187500,2024-11-15,none,Requested INR 187500. Safe to pay today: INR 37345.13. Full payment of INR 187500 is expected to be safe from 2024-11-15. Earliest safe full payment: 2024-11-15.
request_188,0,not_affordable,not_recommended,none,"",none,Requested EUR 2464. Safe to pay today: EUR 98.85. No safe way to complete this request by the deadline was found.
request_189,488.4,affordable_now,full_payment,2026-07-04:488.4,2026-07-04,none,Requested EUR 488.4. Safe to pay today: EUR 488.4. The full amount is affordable today without spending changes.
request_190,529.07,affordable_later,wait,2025-02-15:2557.5,2025-02-15,none,Requested EUR 2557.5. Safe to pay today: EUR 529.07. Full payment of EUR 2557.5 is expected to be safe from 2025-02-15. Earliest safe full payment: 2025-02-15.
request_191,664.4,affordable_now,full_payment,2025-05-03:664.4,2025-05-03,none,Requested EUR 664.4. Safe to pay today: EUR 664.4. The full amount is affordable today without spending changes.
request_192,0,not_affordable,not_recommended,none,"",none,Requested USD 2046. Safe to pay today: USD 180.94. No safe way to complete this request by the deadline was found.
request_193,35.09,affordable_with_plan,installments,2024-03-21:420.23|2024-04-21:420.23|2024-05-22:420.23,2024-05-15,none,"Requested EUR 1212.2. Safe to pay today: EUR 35.09. Installments fit within the 90-day balance forecast. Installment plan: 2024-03-21:420.23,2024-04-21:420.23,2024-05-22:420.23."
request_194,36793.73,affordable_later,wait,2025-10-23:132800,2025-10-23,none,Requested INR 132800. Safe to pay today: INR 36793.73. Full payment of INR 132800 is expected to be safe from 2025-10-23. Earliest safe full payment: 2025-10-23.
request_195,1058.69,affordable_with_plan,installments,2026-01-09:405.74|2026-02-08:405.74|2026-03-10:405.74,2026-01-15,none,"Requested EUR 1170.4. Safe to pay today: EUR 1058.69. Installments fit within the 90-day balance forecast. Installment plan: 2026-01-09:405.74,2026-02-08:405.74,2026-03-10:405.74."
request_196,762.3,affordable_now,full_payment,2024-06-03:762.3,2024-06-03,none,Requested EUR 762.3. Safe to pay today: EUR 762.3. The full amount is affordable today without spending changes.
request_197,0,not_affordable,not_recommended,none,"",none,Requested IDR 50939000. Safe to pay today: IDR 19422426.06. No safe way to complete this request by the deadline was found.
request_198,185800,affordable_now,full_payment,2026-07-07:185800,2026-07-07,none,Requested INR 185800. Safe to pay today: INR 185800. The full amount is affordable today without spending changes.
request_199,23674000,affordable_with_plan,installments,2024-09-07:8206986.67|2024-10-08:8206986.67|2024-11-08:8206986.67,2024-09-04,none,"Requested IDR 23674000. Safe to pay today: IDR 23674000. Installments fit within the 90-day balance forecast. Installment plan: 2024-09-07:8206986.67,2024-10-08:8206986.67,2024-11-08:8206986.67."
request_200,21717000,affordable_now,full_payment,2025-02-06:21717000,2025-02-06,none,Requested IDR 21717000. Safe to pay today: IDR 21717000. The full amount is affordable today without spending changes.
request_201,23997000,affordable_now,full_payment,2026-04-03:23997000,2026-04-03,none,Requested IDR 23997000. Safe to pay today: IDR 23997000. The full amount is affordable today without spending changes.
request_202,123900,affordable_now,full_payment,2024-12-05:123900,2024-12-05,none,Requested INR 123900. Safe to pay today: INR 123900. The full amount is affordable today without spending changes.
request_203,1442.1,affordable_with_plan,installments,2025-05-10:499.93|2025-06-07:499.93|2025-07-05:499.93,2025-05-07,none,"Requested EUR 1442.1. Safe to pay today: EUR 1442.1. Installments fit within the 90-day balance forecast. Installment plan: 2025-05-10:499.93,2025-06-07:499.93,2025-07-05:499.93."
request_204,567.83,affordable_later,wait,2026-01-15:588.74,2026-01-15,none,Requested EUR 588.74. Safe to pay today: EUR 567.83. Full payment of EUR 588.74 is expected to be safe from 2026-01-15. Earliest safe full payment: 2026-01-15.
request_205,10621000,affordable_now,full_payment,2024-03-06:10621000,2024-03-06,none,Requested IDR 10621000. Safe to pay today: IDR 10621000. The full amount is affordable today without spending changes.
request_206,1404.7,affordable_with_plan,installments,2025-08-03:486.96|2025-08-31:486.96|2025-09-28:486.96,2025-08-03,none,"Requested EUR 1404.7. Safe to pay today: EUR 1404.7. Installments fit within the 90-day balance forecast. Installment plan: 2025-08-03:486.96,2025-08-31:486.96,2025-09-28:486.96."
request_207,4431.35,affordable_later,wait,2026-07-15:11830,2026-07-15,none,Requested ZAR 11830. Safe to pay today: ZAR 4431.35. Full payment of ZAR 11830 is expected to be safe from 2026-07-15. Earliest safe full payment: 2026-07-15.
request_208,3760097.48,affordable_later,wait,2024-06-15:4413000,2024-06-15,none,Requested IDR 4413000. Safe to pay today: IDR 3760097.48. Full payment of IDR 4413000 is expected to be safe from 2024-06-15. Earliest safe full payment: 2024-06-15.
request_209,0,not_affordable,not_recommended,none,"",none,Requested ZAR 56914. Safe to pay today: ZAR 1528.92. No safe way to complete this request by the deadline was found.
request_210,983.04,affordable_with_plan,partial_payment,2026-04-06:983.04|2026-04-15:376.98,2026-04-15,none,"Requested USD 1360.02. Safe to pay today: USD 983.04. A two-payment partial plan completes the request safely. Partial plan: 2026-04-06:983.04,2026-04-15:376.98."
request_211,254.05,affordable_later,wait,2024-11-15:1788.6,2024-11-15,none,Requested EUR 1788.6. Safe to pay today: EUR 254.05. Full payment of EUR 1788.6 is expected to be safe from 2024-11-15. Earliest safe full payment: 2024-11-15.
request_212,0,not_affordable,not_recommended,none,"",none,Requested IDR 71934000. Safe to pay today: IDR 6702727.56. No safe way to complete this request by the deadline was found.
request_213,0,not_affordable,not_recommended,none,"",none,Requested USD 3362.4. Safe to pay today: USD 2911.55. No safe way to complete this request by the deadline was found.
request_214,56150.82,affordable_with_plan,partial_payment,2024-12-04:56150.82|2024-12-15:13599.18,2024-12-15,none,"Requested INR 69750. Safe to pay today: INR 56150.82. A two-payment partial plan completes the request safely. Partial plan: 2024-12-04:56150.82,2024-12-15:13599.18."
request_215,29986,affordable_with_plan,installments,2025-05-09:10395.15|2025-06-06:10395.15|2025-07-04:10395.15,2025-05-06,none,"Requested ZAR 29986. Safe to pay today: ZAR 29986. Installments fit within the 90-day balance forecast. Installment plan: 2025-05-09:10395.15,2025-06-06:10395.15,2025-07-04:10395.15."
request_216,514.87,affordable_with_plan,wait,2026-09-15:3332.4,2026-09-15,reduce_to:event_19943:44,Requested USD 3332.4. Safe to pay today: USD 471.04. A payment plan completes the request safely. Spending changes needed: reduce_to:event_19943:44.
request_217,20647.66,affordable_with_plan,installments,2024-03-19:12889.07|2024-04-19:12889.07|2024-05-20:12889.07,2024-05-15,none,"Requested ZAR 37180. Safe to pay today: ZAR 20647.66. Installments fit within the 90-day balance forecast. Installment plan: 2024-03-19:12889.07,2024-04-19:12889.07,2024-05-20:12889.07."
request_218,24219913.37,affordable_with_plan,installments,2025-08-07:21195893.33|2025-09-04:21195893.33|2025-10-02:21195893.33,2025-09-15,none,"Requested IDR 61142000. Safe to pay today: IDR 24219913.37. Installments fit within the 90-day balance forecast. Installment plan: 2025-08-07:21195893.33,2025-09-04:21195893.33,2025-10-02:21195893.33."
request_219,787.07,affordable_with_plan,installments,2026-04-07:580.01|2026-05-07:580.01|2026-06-06:580.01,2026-05-15,none,"Requested EUR 1673.1. Safe to pay today: EUR 787.07. Installments fit within the 90-day balance forecast. Installment plan: 2026-04-07:580.01,2026-05-07:580.01,2026-06-06:580.01."
request_220,0,not_affordable,not_recommended,none,"",none,Requested EUR 3118.5. Safe to pay today: EUR 63.3. No safe way to complete this request by the deadline was found.
request_221,109800,affordable_now,full_payment,2025-11-03:109800,2025-11-03,none,Requested INR 109800. Safe to pay today: INR 109800. The full amount is affordable today without spending changes.
request_222,34078,affordable_now,full_payment,2026-01-05:34078,2026-01-05,none,Requested ZAR 34078. Safe to pay today: ZAR 34078. The full amount is affordable today without spending changes.
request_223,898.7,affordable_now,full_payment,2024-09-07:898.7,2024-09-07,none,Requested EUR 898.7. Safe to pay today: EUR 898.7. The full amount is affordable today without spending changes.
request_224,10327000,affordable_with_plan,installments,2025-02-04:5370040|2025-03-04:5370040,2025-02-04,none,"Requested IDR 10327000. Safe to pay today: IDR 10327000. Installments fit within the 90-day balance forecast. Installment plan: 2025-02-04:5370040,2025-03-04:5370040."
request_225,10838115.31,affordable_with_plan,installments,2026-07-20:7647120|2026-08-19:7647120|2026-09-18:7647120,2026-09-15,none,"Requested IDR 22059000. Safe to pay today: IDR 10838115.31. Installments fit within the 90-day balance forecast. Installment plan: 2026-07-20:7647120,2026-08-19:7647120,2026-09-18:7647120."
request_226,157000,affordable_now,full_payment,2024-12-03:157000,2024-12-03,none,Requested INR 157000. Safe to pay today: INR 157000. The full amount is affordable today without spending changes.
request_227,0,not_affordable,not_recommended,none,"",none,Requested INR 259700. Safe to pay today: INR 7023.93. No safe way to complete this request by the deadline was found.
request_228,0,not_affordable,not_recommended,none,"",none,Requested IDR 63327000. Safe to pay today: IDR 1545975.08. No safe way to complete this request by the deadline was found.
request_229,436.13,affordable_with_plan,installments,2024-03-18:529.29|2024-04-18:529.29|2024-05-19:529.29,2024-05-15,none,"Requested EUR 1526.8. Safe to pay today: EUR 436.13. Installments fit within the 90-day balance forecast. Installment plan: 2024-03-18:529.29,2024-04-18:529.29,2024-05-19:529.29."
request_230,3537.6,affordable_now,full_payment,2025-08-06:3537.6,2025-08-06,none,Requested EUR 3537.6. Safe to pay today: EUR 3537.6. The full amount is affordable today without spending changes.
request_231,32553.14,affordable_with_plan,installments,2026-01-06:12378.08|2026-02-05:12378.08|2026-03-07:12378.08,2026-01-15,none,"Requested ZAR 35706. Safe to pay today: ZAR 32553.14. Installments fit within the 90-day balance forecast. Installment plan: 2026-01-06:12378.08,2026-02-05:12378.08,2026-03-07:12378.08."
request_232,702.28,affordable_with_plan,wait,2024-08-15:1970.1,2024-08-15,reduce_to:event_21408:50,Requested EUR 1970.1. Safe to pay today: EUR 571.9. A payment plan completes the request safely. Spending changes needed: reduce_to:event_21408:50.
request_233,0,not_affordable,not_recommended,none,"",none,Requested IDR 6241000. Safe to pay today: IDR 0. No safe way to complete this request by the deadline was found.
request_234,178.26,affordable_later,wait,2026-09-15:1213.3,2026-09-15,none,Requested EUR 1213.3. Safe to pay today: EUR 178.26. Full payment of EUR 1213.3 is expected to be safe from 2026-09-15. Earliest safe full payment: 2026-09-15.
request_235,967.2,affordable_now,full_payment,2024-09-06:967.2,2024-09-06,none,Requested USD 967.2. Safe to pay today: USD 967.2. The full amount is affordable today without spending changes.
request_236,0,not_affordable,not_recommended,none,"",none,Requested IDR 52383000. Safe to pay today: IDR 5492629.61. No safe way to complete this request by the deadline was found.
request_237,23826000,affordable_now,full_payment,2026-04-05:23826000,2026-04-05,none,Requested IDR 23826000. Safe to pay today: IDR 23826000. The full amount is affordable today without spending changes.
request_238,663.6,affordable_with_plan,installments,2024-12-07:230.05|2025-01-07:230.05|2025-02-07:230.05,2024-12-07,stop:event_21887,"Requested USD 663.6. Safe to pay today: USD 663.6. Installments fit within the 90-day balance forecast. Installment plan: 2024-12-07:230.05,2025-01-07:230.05,2025-02-07:230.05. Spending changes needed: stop:event_21887."
request_239,642,affordable_now,full_payment,2025-05-04:642,2025-05-04,none,Requested USD 642. Safe to pay today: USD 642. The full amount is affordable today without spending changes.
request_240,0,not_affordable,not_recommended,none,"",none,Requested INR 101200. Safe to pay today: INR 13857.82. No safe way to complete this request by the deadline was found.
request_241,21052000,affordable_with_plan,installments,2024-03-17:7298026.67|2024-04-17:7298026.67|2024-05-18:7298026.67,2024-03-03,none,"Requested IDR 21052000. Safe to pay today: IDR 21052000. Installments fit within the 90-day balance forecast. Installment plan: 2024-03-17:7298026.67,2024-04-17:7298026.67,2024-05-18:7298026.67."
request_242,0,not_affordable,not_recommended,none,"",none,Requested EUR 1966.8. Safe to pay today: EUR 23.04. No safe way to complete this request by the deadline was found.
request_243,17468,affordable_now,full_payment,2026-07-07:17468,2026-07-07,none,Requested ZAR 17468. Safe to pay today: ZAR 17468. The full amount is affordable today without spending changes.
request_244,49918,affordable_now,full_payment,2024-06-04:49918,2024-06-04,none,Requested ZAR 49918. Safe to pay today: ZAR 49918. The full amount is affordable today without spending changes.
request_245,28885.45,affordable_later,wait,2026-01-15:128500,2026-01-15,none,Requested INR 128500. Safe to pay today: INR 28885.45. Full payment of INR 128500 is expected to be safe from 2026-01-15. Earliest safe full payment: 2026-01-15.
request_246,64086,affordable_with_plan,installments,2026-04-03:22216.48|2026-05-03:22216.48|2026-06-02:22216.48,2026-04-03,none,"Requested ZAR 64086. Safe to pay today: ZAR 64086. Installments fit within the 90-day balance forecast. Installment plan: 2026-04-03:22216.48,2026-05-03:22216.48,2026-06-02:22216.48."
request_247,1059.3,affordable_now,full_payment,2024-09-05:1059.3,2024-09-05,none,Requested EUR 1059.3. Safe to pay today: EUR 1059.3. The full amount is affordable today without spending changes.
request_248,0,not_affordable,not_recommended,none,"",none,Requested USD 1965.6. Safe to pay today: USD 0. No safe way to complete this request by the deadline was found.
request_249,0,not_affordable,not_recommended,none,"",none,Requested USD 643.2. Safe to pay today: USD 0. No safe way to complete this request by the deadline was found.
request_250,0,not_affordable,not_recommended,none,"",none,Requested ZAR 124278. Safe to pay today: ZAR 15179.38. No safe way to complete this request by the deadline was found.
request_251,0,not_affordable,not_recommended,none,"",none,Requested EUR 1513.6. Safe to pay today: EUR 580.37. No safe way to complete this request by the deadline was found.
request_252,3617269.41,affordable_later,wait,2026-09-15:28082000,2026-09-15,none,Requested IDR 28082000. Safe to pay today: IDR 3617269.41. Full payment of IDR 28082000 is expected to be safe from 2026-09-15. Earliest safe full payment: 2026-09-15.
request_253,1255.1,affordable_with_plan,installments,2024-03-21:984.6|2024-04-21:984.6|2024-05-22:984.6,2024-05-15,none,"Requested EUR 2840.2. Safe to pay today: EUR 1255.1. Installments fit within the 90-day balance forecast. Installment plan: 2024-03-21:984.6,2024-04-21:984.6,2024-05-22:984.6."
request_254,619.41,affordable_later,wait,2025-10-15:3535.2,2025-10-15,none,Requested USD 3535.2. Safe to pay today: USD 619.41. Full payment of USD 3535.2 is expected to be safe from 2025-10-15. Earliest safe full payment: 2025-10-15.
request_255,0,not_affordable,not_recommended,none,"",none,Requested IDR 3345000. Safe to pay today: IDR 1196377.89. No safe way to complete this request by the deadline was found.
request_256,151967.46,affordable_with_plan,installments,2024-06-10:75816|2024-07-11:75816|2024-08-11:75816,2024-07-15,none,"Requested INR 218700. Safe to pay today: INR 151967.46. Installments fit within the 90-day balance forecast. Installment plan: 2024-06-10:75816,2024-07-11:75816,2024-08-11:75816."
request_257,454.43,affordable_later,wait,2026-01-15:1352.4,2026-01-15,none,Requested USD 1352.4. Safe to pay today: USD 454.43. Full payment of USD 1352.4 is expected to be safe from 2026-01-15. Earliest safe full payment: 2026-01-15.
request_258,1113.6,affordable_now,full_payment,2026-01-07:1113.6,2026-01-07,none,Requested USD 1113.6. Safe to pay today: USD 1113.6. The full amount is affordable today without spending changes.
request_259,210.13,affordable_later,wait,2024-11-15:935,2024-11-15,none,Requested EUR 935. Safe to pay today: EUR 210.13. Full payment of EUR 935 is expected to be safe from 2024-11-15. Earliest safe full payment: 2024-11-15.
request_260,0,not_affordable,not_recommended,none,"",none,Requested IDR 52079000. Safe to pay today: IDR 8105245.77. No safe way to complete this request by the deadline was found.
request_261,1830.4,affordable_now,full_payment,2026-07-03:1830.4,2026-07-03,none,Requested EUR 1830.4. Safe to pay today: EUR 1830.4. The full amount is affordable today without spending changes.
request_262,9236000,affordable_now,full_payment,2024-12-05:9236000,2024-12-05,none,Requested IDR 9236000. Safe to pay today: IDR 9236000. The full amount is affordable today without spending changes.
request_263,0,not_affordable,not_recommended,none,"",none,Requested ZAR 51546. Safe to pay today: ZAR 7663.75. No safe way to complete this request by the deadline was found.
request_264,26616.34,affordable_later,wait,2026-06-15:111300,2026-06-15,none,Requested INR 111300. Safe to pay today: INR 26616.34. Full payment of INR 111300 is expected to be safe from 2026-06-15. Earliest safe full payment: 2026-06-15.
request_265,0,not_affordable,not_recommended,none,"",none,Requested INR 45970. Safe to pay today: INR 0. No safe way to complete this request by the deadline was found.
request_266,789.52,affordable_with_plan,installments,2025-08-03:324.13|2025-08-31:324.13|2025-09-28:324.13,2025-09-15,none,"Requested EUR 935. Safe to pay today: EUR 789.52. Installments fit within the 90-day balance forecast. Installment plan: 2025-08-03:324.13,2025-08-31:324.13,2025-09-28:324.13."
request_267,1722.53,affordable_with_plan,installments,2026-01-08:667.33|2026-02-07:667.33|2026-03-09:667.33,2026-01-15,none,"Requested EUR 1925. Safe to pay today: EUR 1722.53. Installments fit within the 90-day balance forecast. Installment plan: 2026-01-08:667.33,2026-02-07:667.33,2026-03-09:667.33."
request_268,1036.61,affordable_with_plan,installments,2024-06-14:841.22|2024-07-15:841.22|2024-08-15:841.22,2024-07-15,none,"Requested EUR 2426.6. Safe to pay today: EUR 1036.61. Installments fit within the 90-day balance forecast. Installment plan: 2024-06-14:841.22,2024-07-15:841.22,2024-08-15:841.22."
request_269,9671.31,affordable_later,wait,2025-12-15:15490,2025-12-15,none,Requested ZAR 15490. Safe to pay today: ZAR 9671.31. Full payment of ZAR 15490 is expected to be safe from 2025-12-15. Earliest safe full payment: 2025-12-15.
request_270,0,not_affordable,not_recommended,none,"",none,Requested USD 3028.8. Safe to pay today: USD 81.63. No safe way to complete this request by the deadline was found.
request_271,17101.01,affordable_later,wait,2024-11-15:91300,2024-11-15,none,Requested INR 91300. Safe to pay today: INR 17101.01. Full payment of INR 91300 is expected to be safe from 2024-11-15. Earliest safe full payment: 2024-11-15.
request_272,5377003.75,affordable_with_plan,installments,2025-02-12:4709466.67|2025-03-12:4709466.67|2025-04-09:4709466.67,2025-03-15,none,"Requested IDR 13585000. Safe to pay today: IDR 5377003.75. Installments fit within the 90-day balance forecast. Installment plan: 2025-02-12:4709466.67,2025-03-12:4709466.67,2025-04-09:4709466.67."
request_273,10966841.98,affordable_with_plan,partial_payment,2026-04-07:10966841.98|2026-04-15:4894158.02,2026-04-15,none,"Requested IDR 15861000. Safe to pay today: IDR 10966841.98. A two-payment partial plan completes the request safely. Partial plan: 2026-04-07:10966841.98,2026-04-15:4894158.02."
request_274,2299.16,affordable_with_plan,installments,2024-12-04:940.75|2025-01-04:940.75|2025-02-04:940.75,2024-12-15,none,"Requested EUR 2713.7. Safe to pay today: EUR 2299.16. Installments fit within the 90-day balance forecast. Installment plan: 2024-12-04:940.75,2025-01-04:940.75,2025-02-04:940.75."
request_275,15884000,affordable_now,full_payment,2025-05-06:15884000,2025-05-06,none,Requested IDR 15884000. Safe to pay today: IDR 15884000. The full amount is affordable today without spending changes.
